id,domain,topic,subtopic,title,question,justification,bottleneck,direction,first_test,status,route,references
P01,Physics,Mathematical physics,Rigorous field & fluid theory,4D Yang–Mills existence and mass gap,Can an interacting four-dimensional continuum Yang–Mills quantum field theory be constructed rigorously with a positive spectral mass gap?,"The Standard Model uses non-Abelian gauge theory, but the full constructive proof is missing.","Nonperturbative continuum limits, gauge invariance and uniform spectral estimates resist existing tools.",Study rigorously controlled lattice limits; isolate conditions preserving reflection positivity and a volume-independent gap.,Prove a uniform bound on spectral gaps for an explicitly restricted class before attempting 4D continuum control.,Formally open,Theory / proof,https://www.claymath.org/millennium/yang-mills-the-maths-gap/
P02,Physics,Mathematical physics,Rigorous field & fluid theory,Unforced 3D Navier–Stokes regularity,"Do all smooth divergence-free finite-energy initial data yield global smooth unforced solutions, or can singularities form?",Resolving this would clarify a central issue in PDE theory and idealized fluid mechanics.,Vortex stretching and supercritical estimates prevent known energy controls from bounding all gradients.,Seek scale-critical a priori estimates or exclude concentrated vorticity geometry; verify all claimed inequalities.,Derive a new coercive inequality under a clearly stated symmetry or alignment condition.,Formally open,Theory / proof,https://www.claymath.org/millennium/Navier-Stokes-Equation/; https://www.claymath.org/year_type/2026/
P03,Physics,Mathematical physics,Quantum spacetime & horizons,Quantum gravity with observable predictions,Which mathematically consistent framework reproduces general relativity and quantum field theory in their domains and predicts a discriminating effect?,General relativity and quantum theory are independently predictive yet conceptually incomplete in combination.,No accessible high-energy experimental regime and no unique model-selection principle.,"Compare effective theories and semiclassical observables, including gravitationally mediated entanglement proposals.",Specify an observable where two candidate frameworks give non-overlapping uncertainty intervals.,Foundational open question,Model + experimental validation,https://www.nature.com/articles/d41586-025-03132-2; https://www.nature.com/articles/s42254-026-00942-9
P04,Physics,Mathematical physics,Quantum spacetime & horizons,Black-hole information dynamics,How is unitary information recovery realized in realistic evaporating black holes beyond controlled idealizations?,"It probes the compatibility of gravity, entropy, and quantum unitarity.","Semiclassical calculations, interior reconstruction and boundary formulations differ in regimes of validity.",Analyze toy solvable models and identify operational observables robust to model assumptions.,Establish a consistent information-recovery map for a constrained evaporation model without cloning.,Foundational open question,Model + experimental validation,https://www.nature.com/articles/s42254-026-00942-9
P05,Physics,Particles and fundamental interactions,Neutrino physics,Origin of neutrino mass,"Why are neutrino masses extremely small, and are neutrinos Dirac or Majorana particles?","Oscillations show nonzero mass, beyond the minimal massless-neutrino Standard Model.",Absolute scale and particle nature are not fixed by oscillation data.,"Jointly constrain beta decay, neutrinoless double beta decay and cosmological mass bounds with theory priors explicit.",Identify predictions differentiating two viable neutrino mass mechanisms in at least two observables.,Active research challenge,Model + experimental validation,https://pdg.lbl.gov/2025/reviews/rpp2025-rev-neutrino-mixing.pdf
P06,Physics,Particles and fundamental interactions,Neutrino physics,Neutrino mass ordering and CP phase,What are the mass ordering and leptonic CP-violating phase with statistically robust global consistency?,"These parameters affect flavor physics, oscillation predictions and leptogenesis hypotheses.","Parameter degeneracies, detector systematics and tension across channels.","Use correlated joint fits with reactor, accelerator and atmospheric data and verified nuisance-model robustness.",Demand consistent ordering and CP estimates across independent baseline/energy combinations.,Active research challenge,Model + experimental validation,https://pdg.lbl.gov/2025/reviews/rpp2025-rev-neutrino-mixing.pdf
P07,Physics,Particles and fundamental interactions,Symmetry & asymmetry,Cosmic matter–antimatter asymmetry,Which interactions generated the observed baryon asymmetry while satisfying available particle constraints?,An initially symmetric universe requires a viable source of baryon-number asymmetry.,Different baryogenesis scenarios share low-energy signatures and depend on uncertain early-universe conditions.,"Build benchmark leptogenesis or electroweak scenarios, solve transport equations, and link to testable observables.",Find allowed parameter regions with a measurable signature absent in a competing scenario.,Active research challenge,Model + experimental validation,https://pdg.lbl.gov/2025/reviews/standard_model_and_related.html; https://pdg.lbl.gov/2025/reviews/astro-cosmo.html
P08,Physics,Particles and fundamental interactions,Symmetry & asymmetry,Strong CP problem,"Why is effective QCD CP violation so small, and does an axion or another mechanism explain it?",A tiny QCD theta parameter is a striking naturalness puzzle.,Axion couplings are model dependent and broad parameter spaces evade detection.,Compare axion and non-axion scenarios using precision EDM constraints and astrophysical signatures.,Derive a predictive relation between two independent observables rather than a single exclusion curve.,Active research challenge,Model + experimental validation,https://www.nature.com/articles/s41550-025-02621-8; https://pdg.lbl.gov/2025/reviews/standard_model_and_related.html
P09,Physics,Cosmology and gravitation,Cosmic constituents,Identity of dark matter,What particle or alternative physical explanation accounts for cosmological and galactic dark-matter evidence?,Gravitational observations demand an explanation extending ordinary luminous matter.,Indirect signatures are degenerate with astrophysical nuisance processes; null direct searches constrain candidates.,"Combine lensing, structure formation and laboratory searches in shared parameterized models.",Require a single candidate to match independent astrophysical scales and laboratory limits.,Active research challenge,Model + experimental validation,https://pdg.lbl.gov/2025/reviews/astro-cosmo.html; https://science.nasa.gov/mission/hubble/multimedia/e-books/hubble-focus-dark-universe/
P10,Physics,Cosmology and gravitation,Cosmic constituents,Nature of accelerated expansion,"Is cosmic acceleration due to a cosmological constant, evolving dark energy or modified gravity?",The mechanism affects the history and possible fate of the universe.,"Distance, growth and geometry measurements have parameter and systematic degeneracies.",Jointly fit expansion and growth observables with reproducible systematics and nonparametric reconstruction.,Find a forecastable observable that discriminates constant-w from evolving-w models.,Active research challenge,Model + experimental validation,https://pdg.lbl.gov/2025/reviews/astro-cosmo.html; https://science.nasa.gov/mission/hubble/multimedia/e-books/hubble-focus-dark-universe/
P11,Physics,Cosmology and gravitation,Cosmological tensions,Hubble-constant tension,Is the mismatch between local distance-ladder and early-universe H0 estimates a systematic artifact or new physics?,The discrepancy challenges the internal consistency of precision cosmology.,Distance calibration and early-universe parameter assumptions are difficult to separate.,Cross-calibrate independent distance indicators and compute Bayesian evidence under matched systematics.,Show whether independent late-time measurements converge under blind analyses.,Active research challenge,Model + experimental validation,https://science.nasa.gov/mission/hubble/science/science-behind-the-discoveries/hubble-constant-and-tension/; https://pdg.lbl.gov/2025/reviews/astro-cosmo.html
P12,Physics,Cosmology and gravitation,Cosmological tensions,Amplitude-of-clustering discrepancies,Do apparent S8 discrepancies arise from astrophysical calibration or altered growth of structure?,The growth amplitude probes cosmological composition and gravitational dynamics.,"Weak-lensing shear calibrations, baryonic feedback and analysis pipelines can shift inference.","Jointly analyze lensing, clustering and CMB with blinded nuisance priors; do not assume all surveys disagree.",Quantify tension separately for each survey and robustness to baryonic feedback models.,Active research challenge,Model + experimental validation,https://pdg.lbl.gov/2025/reviews/astro-cosmo.html; https://science.nasa.gov/mission/hubble/multimedia/e-books/hubble-focus-dark-universe/
P13,Physics,Quantum matter,Correlated electrons,Microscopic mechanism of high-Tc pairing,Which interactions produce superconducting pairing in strongly correlated unconventional materials?,A causal mechanism could enable predictive materials design rather than post-hoc models.,Competing orders and strongly correlated electrons yield similar macroscopic signals.,"Fit candidate Hamiltonians to spectroscopy, transport and controlled tuning experiments.",Predict a new response to pressure or doping not used in fitting.,Active research challenge,Model + experimental validation,https://www.nature.com/articles/s41467-021-24670-z; https://www.nature.com/articles/s41567-024-02679-7
P14,Physics,Quantum matter,Correlated electrons,Strange-metal transport universality,"Why do diverse correlated metals show non-Fermi-liquid transport, and which common mechanisms, if any, apply?",Strange metals expose failures of conventional quasiparticle descriptions.,Finite-temperature scaling can fit several theories and material-specific disorder obscures universal structure.,"Compare transport, optical probes and quantum critical scaling under independent perturbations.",Recover scaling exponent and amplitude across at least two material families without refitting all parameters.,Active research challenge,Model + experimental validation,https://www.nature.com/articles/s41567-024-02679-7
P15,Physics,Quantum matter,Glasses & disorder,Microscopic glass-transition dynamics,What structures and dynamical pathways control extreme slowing down near glass formation?,Glassy dynamics occurs without ordinary long-range crystalline ordering.,"Rare rearrangements, finite observation windows and ambiguous structural descriptors.",Test interpretable state variables across model glass formers with out-of-distribution prediction.,Predict relaxation time from structure at temperatures held out from training.,Active research challenge,Model + experimental validation,https://www.nature.com/articles/s42254-024-00791-4
P16,Physics,Quantum matter,Glasses & disorder,Avalanche and plasticity in amorphous solids,"Can a predictive mesoscale theory recover yielding, shear localization and avalanches across disordered solids?",Failure of amorphous materials depends on collective microscale events.,"Disorder, finite-size effects and strongly history-dependent force chains.",Infer coarse-grained state variables and compare universality classes under cyclic and monotonic loading.,Demonstrate transfer of avalanche statistics and yield predictions between material classes.,Active research challenge,Model + experimental validation,https://www.nature.com/articles/s42254-025-00833-5
P17,Physics,"Fluids, plasmas and astrophysics",Turbulence & solar processes,Universal turbulence closure,"Can unresolved turbulent stresses be represented by stable, transferable closures across Reynolds numbers and geometries?",Reliable turbulent prediction is central to engineering and geophysical modeling.,"Scale interactions, anisotropy and nonlocal history defeat common closures.",Build invariance-preserving closures with energy stability and OOD flow tests.,Prove a discrete energy bound and reproduce unseen separation and transition regimes.,Active research challenge,Model + experimental validation,https://www.nature.com/articles/s42005-025-02149-3; https://www.nature.com/articles/s41612-025-01117-6
P18,Physics,"Fluids, plasmas and astrophysics",Turbulence & solar processes,Solar coronal energy partition,"How much coronal heating comes from reconnection, waves and intermittent dissipation across solar conditions?",The million-kelvin solar corona requires sustained energy deposition.,"Line-of-sight mixing, unresolved events and incomplete magnetic measurements.",Combine multi-height spectroscopy with radiative MHD and explicit energy budgets.,"Predict temperature, nonthermal linewidths and temporal variability simultaneously.",Active research challenge,Model + experimental validation,https://www.nature.com/articles/s41550-024-02244-5
P19,Physics,"Fluids, plasmas and astrophysics",Magnetized plasmas,Fast magnetic reconnection across regimes,"What controls the onset and universal scaling of fast reconnection in collisional, collisionless and turbulent plasmas?",Reconnection drives energy release in astrophysics and laboratory plasma devices.,Kinetic and fluid scales couple; reconnection rates depend on boundary and turbulence.,Compare kinetic simulations with reduced closures and laboratory diagnostics.,Derive a regime map that predicts reconnection rate across transitions without retuning.,Active research challenge,Model + experimental validation,https://www.nature.com/articles/s41550-024-02244-5; https://www.nature.com/articles/s42254-025-00814-8
P20,Physics,"Fluids, plasmas and astrophysics",Magnetized plasmas,Predictive fusion-plasma transport,"Can burning-plasma transport, disruptions and confinement be predicted reliably outside the training machine and operating regime?",Commercial fusion depends on stable confinement under complex coupled dynamics.,"Nonlinear turbulence, energetic-particle effects, wall interaction and rare disruptions.","Combine gyrokinetics, reduced physics models and uncertainty-aware validation on withheld discharges.",Prospectively predict transport and disruption risk on another device with calibrated uncertainty.,Active research challenge,Model + experimental validation,https://www.nature.com/articles/s42254-025-00814-8
C01,Chemistry,Reaction theory and synthesis,Reaction prediction & barriers,Out-of-distribution reaction prediction,"Can models predict product, yield and feasibility for new substrate families and new conditions?",Reaction screening remains costly despite successful in-domain machine-learning predictors.,Published reactions are selection biased; negative results and hidden conditions are rare.,Use prospective split-by-scaffold and laboratory validation of calibrated predictions.,Compare predicted yield intervals with blinded unseen reaction families.,Foundational open question,Model + experimental validation,https://www.nature.com/articles/s41467-025-59812-0; https://www.nature.com/articles/s42256-025-01098-4
C02,Chemistry,Reaction theory and synthesis,Reaction prediction & barriers,Predictive transition-state discovery,Can reaction pathways and activation free energies be discovered without prespecifying likely transition states?,Rate predictions and mechanistic discrimination depend on pathways rather than just products.,Potential-energy landscapes are combinatorially large and solvent changes barrier structure.,"Couple reactive dynamics, active-learning potentials and verified saddle-point calculations.",Recover known barriers then prospectively predict a pathway unseen by mechanism templates.,Foundational open question,Model + experimental validation,https://www.nature.com/articles/s41570-025-00775-7; https://www.nature.com/articles/s42256-025-01098-4
C03,Chemistry,Reaction theory and synthesis,Selectivity & mechanism,Solvent and microenvironment selectivity,"How do solvent structure, ions and confinement jointly determine regio-, chemo- and stereoselectivity?",Many selectivity reversals cannot be forecast by gas-phase mechanisms alone.,Solvation free energies and molecular reorganization require correlated sampling.,Compare explicit-solvent free-energy simulations against controlled solvent-series experiments.,Predict sign and magnitude of selectivity reversal under a pre-registered solvent swap.,Foundational open question,Model + experimental validation,https://www.nature.com/articles/s41467-025-59812-0; https://www.nature.com/articles/s41570-025-00775-7
C04,Chemistry,Reaction theory and synthesis,Selectivity & mechanism,Mechanistic reaction-network inference,Which elementary reactions and rate constants are distinguishable from partial time-series observations?,False mechanisms can fit identical macroscopic conversion curves.,Structural non-identifiability and undetected intermediates are pervasive.,"Derive identifiability conditions using sensitivity rank, isotope labels and designed pulse inputs.",Produce a counterexample for inadequate sensors and recover parameters with the minimum added measurement.,Foundational open question,Model + experimental validation,https://www.nature.com/articles/s42256-025-01098-4; https://www.nature.com/articles/s41467-025-59812-0
C05,Chemistry,Catalysis and electrochemistry,Catalyst activity & dynamics,Active catalytic sites under operating conditions,Which sites actually dominate catalytic turnover while catalysts restructure in reaction environments?,"Ex situ structures may not represent active phases under bias, heat or gas exposure.",Transient minority sites are invisible to ensemble characterization.,Use operando spectroscopy and isotope transient kinetics linked to microkinetic models.,Predict turnover change following selective poisoning of a proposed active site.,Active research challenge,Model + experimental validation,https://www.nature.com/articles/s41570-025-00740-4
C06,Chemistry,Catalysis and electrochemistry,Catalyst activity & dynamics,Dynamically driven catalysis,When can periodic modulation genuinely improve rates or selectivity beyond optimal steady-state operation?,Time-varying catalysts challenge steady-state optimization assumptions.,"Driving-waveform cost, catalyst memory and resonance identification complicate comparison.",Use nonlinear periodic reaction-network theory and matched-energy dynamic/steady baselines.,Demonstrate reproducible net gain after accounting for modulation energy and catalyst aging.,Active research challenge,Model + experimental validation,https://pubs.acs.org/doi/10.1021/acscatal.5c07014
C07,Chemistry,Catalysis and electrochemistry,Electrocatalytic selectivity,Selective electrochemical CO2 conversion,"Can C2+ product selectivity, energy efficiency and catalyst stability be jointly optimized at practical current density?",Useful carbon conversion remains limited by competing pathways and economics.,"Local pH, mass transfer, reconstruction and product crossover change apparent kinetics.",Unify microkinetics with transport and operando product quantitation in full cells.,Predict Faradaic efficiency and stability at a withheld operating current and electrolyte.,Active research challenge,Model + experimental validation,https://pubs.acs.org/doi/full/10.1021/acs.energyfuels.5c03120; https://pubs.acs.org/doi/10.1021/acs.energyfuels.5c04997
C08,Chemistry,Catalysis and electrochemistry,Electrocatalytic selectivity,Ambient nitrogen reduction attribution,Can genuinely catalytic nitrogen-to-ammonia synthesis be unambiguously distinguished from contamination and background sources?,Ambient nitrogen fixation would transform sustainable fertilizer production if validated at practical rates.,Trace nitrogen impurities and false-positive ammonia assays confound many low-rate claims.,"Use isotopically labeled nitrogen, rigorous blanks, mass balance and independent analytical methods.",Show reproducible isotope-verified formation with closed nitrogen balance and energy accounting.,Active research challenge,Model + experimental validation,https://www.nature.com/articles/s41586-019-1260-x; https://www.nature.com/articles/s41570-025-00740-4
C09,Chemistry,Quantum and materials chemistry,Quantum energetics & interfaces,Reliable strong-correlation electronic energies,Can affordable computational chemistry predict chemically accurate energetics for strongly correlated open-shell systems?,Catalysts and transition-metal complexes commonly defeat single-reference approximations.,Many-body Hilbert-space growth and ambiguous reference states limit accuracy.,Benchmark systematically against controlled small systems and high-level solvers with uncertainty bounds.,Set a prospective error target for spin-state gaps on an external benchmark.,Active research challenge,Model + experimental validation,https://www.nature.com/articles/s41570-025-00775-7; https://www.nature.com/articles/s41570-025-00740-4
C10,Chemistry,Quantum and materials chemistry,Quantum energetics & interfaces,Electrode–electrolyte interphase formation,What coupled reactions determine SEI/CEI composition and long-term passivation?,"Battery safety, life and efficiency depend on transient interfacial chemistry.",Buried interphases evolve dynamically and involve reactive low-abundance components.,Couple operando diagnostics with reaction-network models and sensitivity-based experiment design.,Predict changes in gas evolution and film composition after an electrolyte perturbation.,Active research challenge,Model + experimental validation,https://www.nature.com/articles/s41565-025-01935-y; https://www.nature.com/articles/s41578-026-00958-8
C11,Chemistry,Quantum and materials chemistry,Nucleation & degradation,Nucleation pathway selection,Which molecular clusters determine polymorph and nucleation rate across solvents and interfaces?,Crystal form controls drug and functional-material properties.,Rare nucleation events and nonclassical pathways are poorly sampled.,Use rare-event simulation with in situ scattering under controlled supersaturation.,"Predict polymorph selection when solvent or confinement changes, not just fit observed final crystals.",Active research challenge,Model + experimental validation,https://www.nature.com/articles/s42004-025-01667-z; https://www.nature.com/articles/s41570-025-00775-7
C12,Chemistry,Quantum and materials chemistry,Nucleation & degradation,Predictive electrochemical material degradation,"Can lifetime, failure modes and interfacial side reactions be extrapolated from accelerated tests?",Accelerated cycling does not necessarily preserve the mechanism of real operation.,Coupled electrochemical-mechanical pathways and hidden state variables.,Use mechanistic state-space models and post-mortem chemical validation across operating conditions.,Predict a withheld real-use aging trajectory from accelerated data with uncertainty coverage.,Active research challenge,Model + experimental validation,https://www.nature.com/articles/s41578-026-00958-8; https://www.nature.com/articles/s42004-025-01633-9
C13,Chemistry,Prebiotic and origins chemistry,Feedstocks & chirality,Plausible prebiotic feedstock integration,Can geochemically plausible settings supply and sustain enough compatible precursors for subsequent chemistry?,Isolated syntheses do not establish a sustainable reaction ecology.,"Mutually incompatible pH, temperature, UV and reagent conditions.",Integrate geochemical flow-reactor experiments with mass-balanced kinetic networks.,Sustain target intermediates under an internally consistent cycle without unrealistic purification.,Active research challenge,Model + experimental validation,https://pubs.acs.org/doi/10.1021/acs.chemrev.0c00409
C14,Chemistry,Prebiotic and origins chemistry,Feedstocks & chirality,Origin of biological homochirality,Which mechanism produced and preserved molecular enantiomeric enrichment before biology?,Biological polymers exhibit pronounced handedness without a confirmed prebiotic origin pathway.,Amplification can require narrow environments; initial bias and racemization are uncertain.,Test coupled autocatalysis and compartment models under geologically plausible feedstocks.,Achieve robust amplification under variable starting biases and environmental cycling.,Active research challenge,Model + experimental validation,https://www.nature.com/articles/s41557-019-0321-y; https://pubs.acs.org/doi/10.1021/acs.chemrev.0c00409
C15,Chemistry,Prebiotic and origins chemistry,Protocell emergence,Coupling replication and metabolism,"What minimal chemical network can self-maintain, replicate and support Darwinian evolution?",Independent demonstrations of replication or metabolism do not establish an integrated evolvable system.,"Resource competition, error accumulation and side reactions can destabilize networks.",Build chemostat protocell experiments with explicit resource fluxes and heritable sequence variation.,Show repeated selection over generations rather than a one-time amplification event.,Active research challenge,Model + experimental validation,https://pubs.acs.org/doi/10.1021/acs.chemrev.0c00409
C16,Chemistry,Prebiotic and origins chemistry,Protocell emergence,Stable protocell growth and division,"How can compartments grow, divide and transmit functional components without modern enzymes?",Heritable chemistry requires physical compartments with coupled internal reactions.,"Osmotic stress, permeability and unequal partitioning impair propagation.",Construct coupled membrane-growth and reaction–diffusion models with experimental vesicle cycles.,Demonstrate multiple generations retaining chemical function and material balance.,Active research challenge,Model + experimental validation,https://pubs.acs.org/doi/10.1021/acs.chemrev.0c00409
C17,Chemistry,Environmental and nonequilibrium chemistry,Driven chemistry & aerosols,General laws of chemical self-organization,"Which constraints make dissipative reaction networks produce stable, function-bearing structures?",Complex chemical organization often depends on continuous energy throughput.,Kinetic nonlinearities and multiple steady states complicate broad organizing principles.,"Analyze bifurcations, entropy production and chemical reaction network invariants in controlled systems.",Predict the onset and failure of self-sustaining organization from independently estimated parameters.,Active research challenge,Model + experimental validation,https://pubs.acs.org/doi/10.1021/acscatal.5c07014; https://pubs.acs.org/doi/10.1021/acs.chemrev.0c00409
C18,Chemistry,Environmental and nonequilibrium chemistry,Driven chemistry & aerosols,Secondary organic aerosol molecular closure,Can emission-to-aerosol transformation and aging be predicted from molecularly resolved mechanisms?,"Atmospheric aerosol affects health, radiation and cloud interactions.",Thousands of oxidized compounds and multiphase reactions challenge comprehensive measurement.,"Combine chamber kinetics, high-resolution mass spectrometry and transport-aware chemistry.",Predict aerosol yield and oxidation state for an unseen precursor mixture.,Active research challenge,Model + experimental validation,https://www.nature.com/articles/s41612-025-01199-2; https://www.nature.com/articles/s41612-022-00238-6
C19,Chemistry,Environmental and nonequilibrium chemistry,Atmospheric & polymer chemistry,Multiphase atmospheric oxidation,"How do radicals, particle phase and humidity control aging pathways in realistic atmospheres?",Many atmospheric models simplify heterogeneous oxidative chemistry.,Surface and bulk reactions are difficult to separate experimentally.,"Use isotopic tracers, controlled humidity and diffusion-reaction models.",Correctly predict kinetic regime changes as particle viscosity and size vary.,Active research challenge,Model + experimental validation,https://www.nature.com/articles/s41612-022-00238-6; https://www.nature.com/articles/s41612-025-01199-2
C20,Chemistry,Environmental and nonequilibrium chemistry,Atmospheric & polymer chemistry,Closed-loop sustainable polymer chemistry,"Which recyclable polymer architectures can satisfy durability, separation, depolymerization and energy constraints simultaneously?",Chemical recyclability can trade off with performance and lifecycle benefit.,Mixture contamination and process-energy accounting undermine ideal-lab claims.,Optimize polymer design with reaction thermodynamics plus realistic material-flow analysis.,Demonstrate repeated mixed-stream recycling with retained properties and validated lifecycle gains.,Active research challenge,Model + experimental validation,https://pubs.acs.org/doi/10.1021/prechem.5c00080; https://www.nature.com/articles/s41467-025-59812-0
G01,Genetics,Regulatory genomics,Regulatory sequence logic,Variant-to-target-gene assignment,Which distal regulatory variant changes which gene in a relevant cell state?,Most associated regions are not directly interpretable as gene-level mechanisms.,Chromatin proximity and expression correlation are not enough to establish causal links.,"Integrate allele-specific perturbations, enhancer screens and chromatin contacts across cell states.",Correctly predict target-gene changes for held-out precise edits.,Active research challenge,Causal experiments,https://www.nature.com/articles/s41576-025-00841-2; https://www.nature.com/articles/s41576-025-00894-3
G02,Genetics,Regulatory genomics,Regulatory sequence logic,Combinatorial enhancer grammar,Can enhancer sequence rules predict transcriptional effects of new combinations of motifs?,A predictive regulatory code would enable mechanistic interpretation and design.,Context dependence and epistasis between binding motifs challenge simple sequence models.,Test motif insertion/deletion libraries and out-of-distribution enhancer predictions.,Predict a held-out multi-motif perturbation series in two cell types.,Active research challenge,Causal experiments,https://www.nature.com/articles/s44222-025-00280-y; https://www.nature.com/articles/s41576-025-00841-2
G03,Genetics,Regulatory genomics,Genome topology & splicing,Causal function of 3D genome organization,When does changing genome folding alter expression versus reflect downstream transcriptional state?,Chromosomal contact maps are often used as causal proxies.,Correlated topology and gene activity may both respond to third factors.,Perturb boundaries and loop anchors with time-resolved nascent RNA and structural mapping.,Predict expression changes under matched contact-changing and contact-neutral edits.,Active research challenge,Causal experiments,https://www.nature.com/articles/s41576-025-00894-3; https://www.nature.com/articles/s41576-025-00841-2
G04,Genetics,Regulatory genomics,Genome topology & splicing,Splicing-code generalization across tissue,Can noncoding sequence changes predict cell-specific splice isoforms and downstream phenotypes?,Aberrant splicing explains many disease-associated variants not captured by simple coding annotations.,Long-range context and RNA-binding proteins vary between tissues.,Link sequence-based models to minigene and endogenous editing assays across differentiated cell types.,Predict isoform shifts for new variants in previously unseen cell contexts.,Active research challenge,Causal experiments,https://www.nature.com/articles/s41588-024-02053-6; https://www.nature.com/articles/s41576-025-00841-2
G05,Genetics,Complex traits and population genetics,Genetic architecture & epistasis,Rare-to-common architecture of complex traits,"How do common, rare and structural variants jointly shape trait variance and risk?",Different variant classes are observed with different sensitivity and ascertainment.,Frequency-dependent effects and population structure create unstable variance decomposition.,Use ancestry-aware whole-genome models and family-based validation.,"Predict incremental variance explained in independently sequenced families, not just training cohorts.",Active research challenge,Causal experiments,https://www.nature.com/articles/s41576-024-00711-3; https://www.nature.com/articles/s41586-025-09140-6
G06,Genetics,Complex traits and population genetics,Genetic architecture & epistasis,Higher-order epistasis inference,Which gene interactions beyond pairs alter phenotype under realistic genetic backgrounds?,Nonadditivity may expose regulatory and protein-network mechanisms.,Interaction search spaces explode and power is limited for rare combinations.,Combine combinatorial CRISPR designs with sparse hierarchical statistical models.,Prospectively predict triple perturbation phenotypes from lower-order training.,Active research challenge,Causal experiments,https://www.nature.com/articles/s41576-024-00711-3
G07,Genetics,Complex traits and population genetics,Environment & population transfer,Gene–environment causal interactions,"Which genetic effects change under modifiable exposures, rather than reflecting confounding or reverse causation?",Environmental context can alter biological response to the same variant.,"Exposure error, socioeconomic structure and reverse causality blur interactions.","Use within-family designs, exposure perturbations and repeated biomarker measures.",Replicate an interaction in a separately randomized or quasi-experimental setting.,Active research challenge,Causal experiments,https://www.nature.com/articles/s41576-024-00731-z
G08,Genetics,Complex traits and population genetics,Environment & population transfer,Transportability of genetic risk estimates,"When and why do polygenic predictions lose calibration across ancestry, age, environment and care systems?",Unequal reliability can worsen health disparities and distort decisions.,"Linkage disequilibrium, allele frequency, environment and phenotype definition vary.",Develop multi-population recalibration with subgroup uncertainty and prospective validation.,Prespecify calibration and clinical utility across independent demographic and ancestry continua.,Active research challenge,Causal experiments,https://www.nature.com/articles/s41467-026-68565-3; https://www.nature.com/articles/s41576-023-00637-2
G09,Genetics,Single-cell and developmental genetics,Perturbation & cell fate,Unseen combinatorial perturbation effects,Can cellular responses to combinations of untested gene interventions be predicted from sparse training?,Combinatorial screens scale exponentially and do not cover all cellular contexts.,Nonlinear network rewiring and baseline cell states break model generalization.,Train on single and limited double perturbations; evaluate blinded combinations.,Beat additive and nearest-neighbor baselines under split-by-gene-and-cell-context tests.,Active research challenge,Causal experiments,https://www.nature.com/articles/s41592-025-02980-0; https://www.nature.com/articles/s41576-025-00920-4
G10,Genetics,Single-cell and developmental genetics,Perturbation & cell fate,Cell-fate branching and plasticity,"Which regulatory decisions make differentiation trajectories stable, reversible or branching?",Snapshot single-cell atlases cannot determine full transition mechanisms.,Destructive measurement and hidden ancestry make trajectories ambiguous.,"Combine live imaging, lineage barcodes and timed perturbation in state-space models.",Predict fate distribution after a timed regulator knockout held out from fitting.,Active research challenge,Causal experiments,https://www.nature.com/articles/s41540-025-00542-w; https://www.nature.com/articles/s41576-025-00920-4
G11,Genetics,Single-cell and developmental genetics,Spatial systems & atlas integration,Spatial cell–cell regulatory influence,How can causal signaling between neighboring cells be distinguished from shared microenvironment?,"Spatial transcriptomic neighborhoods provide correlations, not direct communication mechanisms.",Many assays mix cells within spots and ligand-receptor expression is an indirect proxy.,"Integrate higher-resolution mapping, spatial perturbations and diffusion-reaction models.",Predict localized response to targeted cell ablation or ligand blocking.,Active research challenge,Causal experiments,https://www.nature.com/articles/s41576-025-00845-y; https://www.nature.com/articles/s41576-025-00920-4
G12,Genetics,Single-cell and developmental genetics,Spatial systems & atlas integration,Cross-instrument and cross-tissue atlas alignment,"Can cell identities be matched reliably across platforms, tissue states and batches without erasing real biology?",Atlases must be harmonized before interpreting conserved pathways.,Batch correction can collapse rare states or generate spurious equivalences.,Use known cell mixtures and orthogonal marker assays with uncertainty-aware alignment.,Recover rare-state identities on entirely held-out tissues and platforms.,Active research challenge,Causal experiments,https://www.nature.com/articles/s41576-025-00845-y; https://www.nature.com/articles/s41576-025-00920-4
G13,Genetics,Genome evolution and stability,Somatic change & mobile elements,Somatic mutation to tissue dysfunction,Which age-acquired mutations directly drive inflammation and organ functional decline?,Somatic clones can be markers of aging and sometimes active causes of pathology.,Clonal selection and environmental stress create feedback and confounding.,Perturb matched clones in organoids and combine lineage-resolved longitudinal sequencing.,Separate mutation effects from clone-size effects on measured tissue function.,Active research challenge,Causal experiments,https://www.nature.com/articles/s41580-025-00936-y
G14,Genetics,Genome evolution and stability,Somatic change & mobile elements,Control and co-option of transposable elements,"When do transposable elements disrupt genomes, and when do they become beneficial regulatory elements?",A large fraction of mammalian DNA derives from mobile-element families.,Repeat mapping is difficult and effects depend strongly on evolutionary context.,"Combine long-read assemblies, locus-specific CRISPRi and cross-species reporter assays.",Validate regulatory function for a formerly ambiguous repetitive locus.,Active research challenge,Causal experiments,https://www.nature.com/articles/s41580-025-00867-8; https://www.nature.com/articles/s41586-025-09140-6
G15,Genetics,Genome evolution and stability,Structural & mutational variation,Complex structural-variant interpretation,How do repeated-region structural variants alter phenotype in a dosage- and context-dependent manner?,Assembly advances reveal variants missed by short-read analysis.,Repetitive regions and linked alleles confound causal attribution.,"Use haplotype-resolved assemblies, engineered isogenic lines and long-range regulation assays.","Resolve one region into sequence-specific, dosage and expression effects.",Active research challenge,Causal experiments,https://www.nature.com/articles/s41586-025-09140-6
G16,Genetics,Genome evolution and stability,Structural & mutational variation,Population-specific mutational processes,Which environmental and repair pathways explain variation in somatic and germline mutation signatures?,"Identifying mechanisms can help interpret cancer, aging and inherited variation.",Several processes yield overlapping spectra and exposure histories are incomplete.,Use experimentally controlled exposures and repair-deficient backgrounds with generative signature models.,Correctly infer withheld causal exposure from a blinded mutation spectrum.,Active research challenge,Causal experiments,https://www.nature.com/articles/s41580-025-00936-y; https://www.nature.com/articles/s41576-024-00711-3
G17,Genetics,Clinical and translational genetics,Variant assessment & mosaicism,Resolving variants of uncertain significance,Can functional evidence reliably classify rare variants for clinically relevant decisions?,Many detected variants lack enough evidence to be labeled benign or pathogenic.,Assays do not always replicate native tissues or clinical penetrance.,Calibrate multiplexed functional assays against clinically curated variants and segregation data.,Prospectively classify blinded variants with calibrated error and clinically meaningful utility.,Active research challenge,Causal experiments,https://www.nature.com/articles/s41576-025-00870-x
G18,Genetics,Clinical and translational genetics,Variant assessment & mosaicism,Detecting low-frequency mosaicism,Which somatic variants exist in restricted tissues and actually cause disease?,Mosaic mutations may be absent from routinely sampled blood.,"Low allele fraction, tissue sampling and sequencing artifacts reduce sensitivity.",Design multi-tissue error-corrected assays and mechanistic organoid validation.,Demonstrate robust detection and tissue-phenotype concordance using orthogonal methods.,Active research challenge,Causal experiments,https://www.nature.com/articles/s41586-025-09140-6; https://www.nature.com/articles/s41576-025-00870-x
G19,Genetics,Clinical and translational genetics,Editing safety & pharmacogenomics,Long-term genomic editing safety,"Can intended edits be separated from rare off-target, structural and clonal consequences over years?",Therapeutic editing may produce delayed effects not represented in short cell-culture assays.,Rare event detection and long latency require extensive follow-up.,"Combine long-read sequencing, single-cell lineage tracing and function-specific safety assays.",Prespecify a detection limit for rearrangements and track clonal dynamics longitudinally.,Active research challenge,Causal experiments,https://www.nature.com/articles/s41576-025-00870-x; https://www.nature.com/articles/s41586-025-09140-6
G20,Genetics,Clinical and translational genetics,Editing safety & pharmacogenomics,Context-dependent pharmacogenomic effects,"When do genotype-based drug-response predictions remain valid across co-medications, physiology and populations?",Genetic effects on metabolism may depend on non-genetic context.,"Variable dosing, adherence, organ function and population structure obscure interactions.",Combine pharmacokinetic models with prospective genotype-stratified data and metabolite assays.,"Show externally validated dosing benefit with adverse-event monitoring, beyond association.",Active research challenge,Causal experiments,https://www.nature.com/articles/s41397-021-00224-w; https://www.nature.com/articles/s41576-024-00731-z
PS01,Psychology,Consciousness and metacognition,Neural consciousness theories,Discriminating neural theories of consciousness,Which preregistered neural observations could decisively separate leading theories of conscious experience?,Existing theories explain overlapping data but make different anatomical and temporal predictions.,Task demands and post-hoc interpretation can obscure theory-specific falsification.,Conduct adversarial multi-lab tests with matched modalities and explicit decision thresholds.,Identify an observation that one formal theory excludes and another requires.,Foundational open question,Causal experiments,https://www.nature.com/articles/s41586-025-08888-1
PS02,Psychology,Consciousness and metacognition,Neural consciousness theories,Conscious content without behavioral report,"Which neural measures indicate experience without confusing it with attention, memory or motor reporting?",Clinical and experimental subjects may not provide reliable overt reports.,Covert measures are indirect and their specificity cannot be guaranteed.,Triangulate no-report paradigms with validated report conditions and perturbations.,Estimate false-positive and false-negative rates under controlled vigilance changes.,Foundational open question,Causal experiments,https://www.nature.com/articles/s41583-025-00934-1
PS03,Psychology,Consciousness and metacognition,Introspection & state change,Computational calibration of introspection,What mechanisms govern the match between subjective confidence and actual performance?,Confidence guides real decisions and is altered in some mental disorders.,Measures can reflect response bias and task difficulty rather than meta-accuracy.,Use hierarchical signal-detection models across tasks and controlled feedback.,Predict confidence calibration on an unseen task using independent behavioral observables.,Foundational open question,Causal experiments,https://www.nature.com/articles/s41467-025-56117-0
PS04,Psychology,Consciousness and metacognition,Introspection & state change,Conscious state transitions,"Which neural dynamical variables govern reversible transitions across wakefulness, sleep and anesthesia?",Consciousness varies rapidly while recorded neural activity is high-dimensional.,"Changes in arousal, motor output and sensory responsiveness are correlated.",Fit dynamical systems to multi-modal recordings during controlled state changes.,Prospectively predict transitions and recovery while controlling for sedation and sensory input.,Foundational open question,Causal experiments,https://www.nature.com/articles/s41583-025-00934-1; https://www.nature.com/articles/s41586-025-08888-1
PS05,Psychology,"Learning, memory and decisions",Memory dynamics,Mechanisms and limits of memory reconsolidation,When does retrieval destabilize memory and permit lasting updating?,Changing maladaptive memories has important theoretical and clinical implications.,Boundary conditions and some replication results remain inconsistent.,"Preregister factorial tests varying reminder strength, memory age and prediction error.",Predict a parameter region where updating succeeds and one where it cannot.,Active research challenge,Causal experiments,https://www.nature.com/articles/s41598-022-06119-5; https://www.nature.com/articles/s41386-024-01979-z
PS06,Psychology,"Learning, memory and decisions",Memory dynamics,Neural-to-cognitive memory representations,How do changing neural engrams preserve stable recall while permitting flexible generalization?,Memories can persist despite neural representational drift.,Population recordings sample only fragments of distributed representations.,"Link longitudinal neural data, retrieval cues and causal ensemble perturbations.",Predict behavioral recall after manipulating a neural subpopulation not used during model fitting.,Active research challenge,Causal experiments,https://www.nature.com/articles/s41386-024-01979-z
PS07,Psychology,"Learning, memory and decisions",Decisions & reasoning,Generalizable exploration–exploitation models,"Can one mechanistic model explain human information seeking across risk, novelty and environmental change?",Models often fit a single laboratory bandit task but fail in other contexts.,Latent objectives and learning rates are observationally confounded.,Use task families designed to orthogonalize uncertainty and reward.,Predict trial-level behavior across a held-out environmental volatility regime.,Active research challenge,Causal experiments,https://pubmed.ncbi.nlm.nih.gov/38036246/; https://www.nature.com/articles/s41467-025-56117-0
PS08,Psychology,"Learning, memory and decisions",Decisions & reasoning,Transfer of abstract reasoning,Why does relational or compositional knowledge sometimes generalize and sometimes remain task-specific?,Adaptive intelligence depends on recombining learned rules in new settings.,"Language familiarity, task practice and motivation are alternative explanations.",Design intervention experiments that separate trained relations from surface features.,Predict compositional transfer to genuinely novel stimulus categories.,Active research challenge,Causal experiments,https://www.nature.com/articles/s41593-024-01852-8; https://www.nature.com/articles/s41386-024-01979-z
PS09,Psychology,Social and cultural psychology,Cross-cultural causal inference,Cross-cultural transport of psychological findings,"Which psychological effects hold across language, culture and social institutions?",Unrepresentative samples make population-level claims uncertain.,Translated measures may not capture identical latent constructs.,Coordinate cross-cultural preregistered studies with measurement-invariance tests.,Predefine effect-size equivalence thresholds across diverse sampling frames.,Active research challenge,Causal experiments,https://www.nature.com/articles/s44271-024-00179-1; https://www.nature.com/articles/s41586-025-10078-y
PS10,Psychology,Social and cultural psychology,Cross-cultural causal inference,Causal social-contagion mechanisms,When does behavior spread by influence rather than homophily or shared exposure?,Correlated behavior in networks does not by itself establish peer causation.,"Network interference, friendship selection and external shocks confound observed cascades.",Use randomized exposure where ethical and infer causal mechanisms with network-aware estimators.,Predict responses in untouched neighborhoods following an exogenous intervention.,Active research challenge,Causal experiments,https://www.nature.com/articles/s44260-025-00034-2
PS11,Psychology,Social and cultural psychology,Group belief dynamics,Mechanisms sustaining group polarization,Which feedback loops generate stable intergroup divergence and when can they reverse?,Extreme group separation affects collective decisions.,"Algorithmic selection, social identity and exposure are correlated.",Compare causal network experiments with interpretable agent-based opinion dynamics.,Predict a shift in distribution of opinions under a preregistered contact intervention.,Active research challenge,Causal experiments,https://www.nature.com/articles/s44271-024-00089-2; https://www.nature.com/articles/s44159-024-00398-7
PS12,Psychology,Social and cultural psychology,Group belief dynamics,Belief formation from aggregated opinions,"When do ratings, polls and social consensus improve versus distort individual judgments?",People frequently treat other people's summarized judgments as evidence.,Selection bias in who expresses an opinion can mimic actual consensus.,Randomize visibility and sample composition of aggregate signals.,Quantify when aggregation changes calibration rather than merely agreement.,Active research challenge,Causal experiments,https://www.nature.com/articles/s44159-024-00398-7
PS13,Psychology,Clinical and intervention psychology,Mechanistic phenotypes & treatment,Mechanistic dimensions across diagnoses,Which continuous cognitive/affective dimensions predict impairment better than coarse symptom labels?,Diagnostic categories often combine biologically heterogeneous individuals.,"Measurement noise, comorbidity and changing state are difficult to separate.",Use longitudinal multi-task assessments and latent-state models externally validated.,Predict cross-diagnostic functioning over time more accurately than symptom-count baselines.,Active research challenge,Causal experiments,https://www.nature.com/articles/s43588-025-00884-9
PS14,Psychology,Clinical and intervention psychology,Mechanistic phenotypes & treatment,Personalized psychotherapy response,Which pretreatment and dynamic features predict treatment benefit causally for a given individual?,Average randomized treatment effects conceal heterogeneous responses.,Confounding of therapy choices and regression to the mean undermine personalization.,Use sequentially randomized trials and prespecified individual treatment rules.,Show prospective superiority of a personalized allocation policy over standard care.,Active research challenge,Causal experiments,https://www.nature.com/articles/s44159-026-00613-7; https://www.nature.com/articles/s41746-025-01906-6
PS15,Psychology,Clinical and intervention psychology,Digital markers & placebo,Digital behavioral biomarkers across contexts,Can passive behavioral measures track meaningful psychological change without spurious proxies?,Phone and wearable signals are scalable but easily context dependent.,"Missingness, socioeconomic confounding and privacy limit validity.",Compare passive markers with repeated validated assessments and cross-device tests.,Maintain calibration under device switch and changed routine; document consent and privacy.,Active research challenge,Causal experiments,https://www.nature.com/articles/s43588-025-00884-9
PS16,Psychology,Clinical and intervention psychology,Digital markers & placebo,Placebo and context-dependent symptom relief,"Which learning, expectation and neurobiological mechanisms generate placebo responses in different conditions?",Context can change experienced symptoms and some physiological responses.,Expectancy and natural fluctuations are hard to disentangle.,Factorial designs randomizing information and conditioning with ethical consent.,Predict placebo response to a novel context from separately measured mechanism variables.,Active research challenge,Causal experiments,https://www.nature.com/articles/nrn3976
PS17,Psychology,Research methodology and measurement,Replication & measurement,Reliable replication across settings,Which study features determine whether a reported psychological effect replicates elsewhere?,Large replication projects find heterogeneity in replication outcomes.,"Publication selection, analytic flexibility and context sensitivity compound.",Create prospective multi-lab registered replications with variance-component models.,Predict replication effect distribution before new sites collect data.,Active research challenge,Causal experiments,https://www.nature.com/articles/s41586-025-10078-y
PS18,Psychology,Research methodology and measurement,Replication & measurement,Measurement invariance of psychological constructs,"Under what conditions do questionnaires measure the same latent quantity across language, group and time?",Apparent mean differences can result from different item functioning.,Factor models rely on strong assumptions about latent structure and response style.,Fit multigroup item-response models; compare to behavioral anchors and cognitive interviews.,Demonstrate stable calibrated interpretation on a held-out linguistic group.,Active research challenge,Causal experiments,https://www.nature.com/articles/s44271-024-00179-1; https://www.nature.com/articles/s41467-025-56117-0
PS19,Psychology,Research methodology and measurement,Causal inference & analytic flexibility,Causal identification from longitudinal observations,Which psychological causal effects can be identified under time-varying confounding and feedback?,Repeated observations alone may not distinguish cause from shared drivers.,Interventions may be endogenous and some confounders unobserved.,"Construct explicit causal graphs and sensitivity analyses, followed by ethical randomization.",Prove identifiability under a stated graph or construct an observationally equivalent counterexample.,Active research challenge,Causal experiments,https://www.nature.com/articles/s43588-025-00884-9; https://www.nature.com/articles/s44260-025-00034-2
PS20,Psychology,Research methodology and measurement,Causal inference & analytic flexibility,Robustness to researcher degrees of freedom,"Which conclusions survive defensible alternative measures, exclusions and statistical models?",Single pipelines can overstate certainty in complex behavioral datasets.,Many valid analyses produce heterogeneous results; selective reporting hides them.,Preregister multiverse analysis and blind key labels until plans are fixed.,Publish specification-curve distribution and test independent replication predictions.,Active research challenge,Causal experiments,https://www.nature.com/articles/s41586-025-10078-y
PH01,Physiology,Aging and cellular physiology,Aging pathways & senescence,Causal hierarchy of aging mechanisms,Which molecular and cellular changes drive functional aging rather than merely track it?,Intervention design requires distinguishing drivers from correlated biomarkers.,"Feedback among damage, inflammation and senescence creates reverse causation.",Perform staged perturbations and mediation analysis across genetically heterogeneous models.,Show a mechanism-specific intervention changes later functional outcomes independent of baseline aging markers.,Active research challenge,Causal experiments,https://www.nature.com/articles/s41588-023-01627-0
PH02,Physiology,Aging and cellular physiology,Aging pathways & senescence,Protective versus harmful senescent cell states,Which senescent cells aid repair and which contribute to progressive dysfunction?,Broad senescence removal may also eliminate protective functions.,No universal biomarker separates senescent phenotypes across tissues.,Build spatial single-cell atlases combined with cell-state-selective perturbations.,Prospectively distinguish repair-promoting from dysfunction-promoting states in a new tissue.,Active research challenge,Causal experiments,https://www.nature.com/articles/s41588-025-02314-y
PH03,Physiology,Aging and cellular physiology,Biological age & mitochondria,Validating biological age as a causal endpoint,Do epigenetic and other aging clocks track modifiable biological mechanisms or only correlated exposures?,Intervention trials increasingly rely on surrogate age measures.,Cell mixture changes and differing clock definitions can generate discordant results.,"Compare interventions on clocks, functional endpoints and causal mediators.",Test whether clock change predicts held-out hard functional outcomes independent of chronological age.,Active research challenge,Causal experiments,https://www.nature.com/articles/s41576-024-00807-w; https://www.nature.com/articles/s43587-025-00833-1
PH04,Physiology,Aging and cellular physiology,Biological age & mitochondria,Mitochondrial dysfunction versus adaptation,When are mitochondrial changes causative damage and when are they protective energetic responses?,Mitochondrial physiology affects multiple organs and stress responses.,"Biogenesis, reactive oxygen species and quality control vary by tissue and state.",Use tissue-specific perturbations and energetic flux measurement across time.,Predict when raising respiratory capacity improves versus harms organ resilience.,Active research challenge,Causal experiments,https://www.nature.com/articles/s41588-023-01627-0; https://www.nature.com/articles/s41588-025-02314-y
PH05,Physiology,Endocrine and metabolic physiology,Glucose & metabolic flexibility,Heterogeneous origins of insulin resistance,Which proximal mechanisms explain impaired insulin action in different tissues and individuals?,One clinical phenotype can result from distinct cellular disruptions.,"Insulin secretion, hepatic output and peripheral uptake are interdependent.",Compare mechanistic glucose-insulin models with tracer and clamp experiments.,"Recover tissue-specific flux changes under held-out perturbation, not just fasting glucose.",Active research challenge,Causal experiments,https://www.nature.com/articles/s41574-025-01114-y
PH06,Physiology,Endocrine and metabolic physiology,Glucose & metabolic flexibility,Metabolic flexibility under changing demand,"What controls switching between carbohydrate and lipid oxidation during exercise, fasting and recovery?",Poor adaptability may accompany metabolic disease despite normal resting biomarkers.,"Hormone dynamics, substrate availability and mitochondrial flux interact.","Use calorimetry, isotopic tracers and dynamic constrained flux models.",Forecast substrate-switch time course after a pre-registered meal-exercise perturbation.,Active research challenge,Causal experiments,https://www.nature.com/articles/s41574-025-01114-y; https://www.nature.com/articles/s41580-024-00802-3
PH07,Physiology,Endocrine and metabolic physiology,Appetite & stress regulation,Neural–hormonal regulation of appetite,"How do central sensing, gut signals and environmental inputs produce stable or dysregulated energy intake?",Weight regulation reflects multiple compensating behavioral and endocrine loops.,Feedback adapts over time and perceived intake is imprecise.,"Combine controlled feeding, repeated hormone profiles and dynamical system identification.",Predict compensatory hunger and energy expenditure following an intervention.,Active research challenge,Causal experiments,https://www.nature.com/articles/s41574-025-01114-y; https://www.nature.com/articles/s41579-024-01136-9
PH08,Physiology,Endocrine and metabolic physiology,Appetite & stress regulation,Endocrine responses to chronic stress,Why do chronic stress responses diverge among individuals despite similar exposures?,Persistent stress influences immune and metabolic physiology.,"Circadian patterns, medications and subjective appraisal confound endocrine trajectories.",Use repeated ambulatory hormone sampling with perturbation-aware state-space models.,Predict intra-individual phase and amplitude changes under a standardized challenge.,Active research challenge,Causal experiments,https://www.nature.com/articles/s41580-024-00802-3; https://www.nature.com/articles/s41577-025-01199-6
PH09,Physiology,Neural and immune physiology,Neuroimmune communication,Causal neuroimmune signaling paths,Which neural-to-immune and immune-to-neural circuits directly control specific inflammatory responses?,"Brain and immune systems continuously communicate, but routes are incompletely mapped.",Hormonal and neuronal effects overlap; interventions affect many cell types.,Combine cell-type-specific perturbations and multisite time-resolved signaling.,Show circuit-specific rescue or loss of a defined immune phenotype.,Active research challenge,Causal experiments,https://www.nature.com/articles/s41586-024-08474-x; https://www.nature.com/articles/s41577-025-01199-6
PH10,Physiology,Neural and immune physiology,Neuroimmune communication,Persistence of maladaptive chronic inflammation,What makes low-grade inflammation self-sustaining after initiating triggers are removed?,Persistent inflammation contributes to multiple chronic diseases.,"Immune memory, tissue damage and neural inputs form bidirectional loops.",Use causal perturbation of feedback nodes with longitudinal cytokine and cell-state measures.,Identify a controllable loop whose disruption terminates persistent inflammatory dynamics.,Active research challenge,Causal experiments,https://www.nature.com/articles/s41577-025-01199-6; https://www.nature.com/articles/s41588-025-02314-y
PH11,Physiology,Neural and immune physiology,Pain & autonomic control,Why neuropathic pain becomes persistent,Which neuroimmune mechanisms determine transition from transient nociception to chronic neuropathic pain?,Treatments often relieve symptoms incompletely and individual trajectories vary.,Species differences and complex peripheral/central cell interactions.,Combine human longitudinal sensory testing with targeted mechanistic models.,Predict chronicity from early signals and validate a pathway-specific perturbation.,Active research challenge,Causal experiments,https://www.nature.com/articles/s41583-025-00914-5
PH12,Physiology,Neural and immune physiology,Pain & autonomic control,Quantitative autonomic regulation under uncertainty,"Can coupled sympathetic, parasympathetic and organ responses be predicted during stress and recovery?",Autonomic signaling coordinates rapid multi-organ homeostasis.,Non-invasive observations are partial; baroreflex and respiratory inputs overlap.,Use closed-loop cardiovascular-autonomic system identification with controlled maneuvers.,Predict unseen orthostatic or respiratory challenge responses with bounded model error.,Active research challenge,Causal experiments,https://www.nature.com/articles/s41577-025-01199-6; https://www.nature.com/articles/s41580-024-00802-3
PH13,Physiology,Cardiorespiratory and vascular physiology,Vascular control & heart failure,Microvascular autoregulation across organs,"How do local metabolic, myogenic and neurogenic signals coordinate regional blood flow?",Microcirculatory function is decisive in tissue oxygenation even when systemic measures appear normal.,Resolution limits and intertwined regulatory loops impede causal inference.,"Combine organ-specific imaging, oxygen sensing and multiscale perfusion models.",Predict the spatial redistribution of blood flow after a controlled perfusion change.,Active research challenge,Causal experiments,https://www.nature.com/articles/s41580-024-00825-w; https://www.nature.com/articles/s42003-025-08827-w
PH14,Physiology,Cardiorespiratory and vascular physiology,Vascular control & heart failure,Mechanistic subtypes of HFpEF,Which tissue and cellular mechanisms distinguish clinically meaningful HFpEF subtypes?,Preserved ejection fraction includes heterogeneous structural and metabolic dysfunction.,Comorbid conditions and mixed myocardial cell states prevent a single mechanism.,"Integrate cardiac mechanics, proteomics and single-cell profiles into prospective phenotyping.",Predict differential response to a targeted therapy from subtype assignment.,Active research challenge,Causal experiments,https://www.nature.com/articles/s42003-025-08827-w
PH15,Physiology,Cardiorespiratory and vascular physiology,Pulmonary adaptation,Drivers of pulmonary vascular remodeling,"Which interacting mechanical, inflammatory and metabolic signals convert adaptation into persistent pulmonary vascular disease?",Vascular remodeling can become self-reinforcing and hard to reverse.,Endothelial signaling and local pressure feedback are difficult to separate.,Combine time-resolved vascular organoids with hemodynamic modeling and perturbations.,Identify a transition threshold predicting irreversible remodeling in a constrained model.,Active research challenge,Causal experiments,https://www.nature.com/articles/s41392-025-02287-8
PH16,Physiology,Cardiorespiratory and vascular physiology,Pulmonary adaptation,Ventilation–perfusion mismatch adaptation,How can individual ventilation and perfusion heterogeneity be inferred and forecast during exertion or lung injury?,Gas exchange efficiency depends on dynamically matched regional air and blood supply.,Regional measurements are sparse and gas exchange has multiple compensating pathways.,Fuse imaging and gas-exchange measurements with mechanistic inverse models.,Predict changes in oxygenation after posture or exercise challenge under measured uncertainty.,Active research challenge,Causal experiments,https://doi.org/10.1016/j.rmed.2026.108811
PH17,Physiology,Integrative systems physiology,Circadian & gut–brain systems,Inter-organ circadian synchronization,Which signals align peripheral tissue clocks and what causes their age-related desynchronization?,"Organ timing coordinates metabolism, immunity and repair.","Behavior, light, feeding and hormones form overlapping synchronizing cues.",Use temporally resolved multi-tissue measurements with selective zeitgeber perturbations.,Predict phase shifts in a non-target organ after a controlled timing intervention.,Active research challenge,Causal experiments,https://www.nature.com/articles/s41580-024-00802-3
PH18,Physiology,Integrative systems physiology,Circadian & gut–brain systems,Gut–brain effects: causation versus correlation,Which microbial products causally affect neural and endocrine function in humans?,Observed microbiome–brain associations are not interchangeable with mechanisms.,"Diet, medications and immune state confound microbial differences.",Use metabolite-resolved randomized interventions and validated causal mediation.,Demonstrate an intervention changes a prespecified mechanism and functional endpoint.,Active research challenge,Causal experiments,https://www.nature.com/articles/s41575-025-01041-3; https://www.nature.com/articles/s44220-025-00498-0
PH19,Physiology,Integrative systems physiology,Variation & resilience,Sex- and context-dependent physiological response,"How do hormone state, development and environment change responses to standardized interventions?",Population-average physiological models can miss systematic context effects.,Sampling imbalance and within-person variation prevent robust generalization.,Use repeated-measures factorial designs across defined hormonal contexts.,Predict interaction effects in a held-out context with uncertainty bounds.,Active research challenge,Causal experiments,https://www.nature.com/articles/s41574-024-01058-9; https://www.nature.com/articles/s41580-024-00802-3
PH20,Physiology,Integrative systems physiology,Variation & resilience,Quantifying physiological reserve and resilience,Can a state variable quantify an organ's ability to recover from controlled stressors before failure occurs?,Resting biomarkers often overlook reduced functional reserve.,"Reserve is latent, multidimensional and highly task dependent.",Construct dynamical recovery metrics and test them with graded standardized perturbations.,Prospectively rank recovery time and adverse functional outcomes in withheld subjects.,Active research challenge,Causal experiments,https://www.nature.com/articles/s41588-023-01627-0; https://www.nature.com/articles/s41580-024-00802-3
